JUDET,UAT
AB,ALBAC
AB,ALMAŞU MARE
AB,ARIEŞENI
AB,AVRAM IANCU
AB,BERGHIN
AB,BISTRA
AB,BLANDIANA
AB,BUCERDEA GRÂNOASĂ
AB,BUCIUM
AB,CENADE
AB,CERGĂU
AB,CERU-BĂCĂINŢI
AB,CETATEA DE BALTĂ
AB,CIUGUD
AB,CIURULEASA
AB,CRICĂU
AB,CRĂCIUNELU DE JOS
AB,CUT
AB,CÂLNIC
AB,DAIA ROMÂNĂ
AB,DOŞTAT
AB,FĂRĂU
AB,GALDA DE JOS
AB,GÂRBOVA
AB,GÂRDA DE SUS
AB,HOPÂRTA
AB,HOREA
AB,IGHIU
AB,JIDVEI
AB,LIVEZILE
AB,LOPADEA NOUĂ
AB,LUNCA MUREŞULUI
AB,LUPŞA
AB,METEŞ
AB,MIHALŢ
AB,MIRĂSLĂU
AB,MOGOŞ
AB,MUNICIPIUL AIUD
AB,MUNICIPIUL ALBA IULIA
AB,MUNICIPIUL BLAJ
AB,MUNICIPIUL SEBEŞ
AB,NOŞLAC
AB,OCOLIŞ
AB,OHABA
AB,ORAŞ ABRUD
AB,ORAŞ BAIA DE ARIEŞ
AB,ORAŞ CUGIR
AB,ORAŞ CÂMPENI
AB,ORAŞ OCNA MUREŞ
AB,ORAŞ TEIUŞ
AB,ORAŞ ZLATNA
AB,PIANU
AB,POIANA VADULUI
AB,PONOR
AB,POŞAGA
AB,RIMETEA
AB,ROŞIA DE SECAŞ
AB,ROŞIA MONTANĂ
AB,RÂMEŢ
AB,RĂDEŞTI
AB,SCĂRIŞOARA
AB,SOHODOL
AB,STREMŢ
AB,SÂNCEL
AB,SÂNTIMBRU
AB,SĂLCIUA
AB,SĂLIŞTEA
AB,SĂSCIORI
AB,UNIREA
AB,VADU MOŢILOR
AB,VALEA LUNGĂ
AB,VIDRA
AB,VINŢU DE JOS
AB,ÎNTREGALDE
AB,ŞIBOT
AB,ŞONA
AB,ŞPRING
AB,ŞUGAG
AG,ALBEŞTII DE ARGEŞ
AG,ALBEŞTII DE MUSCEL
AG,ALBOTA
AG,ANINOASA
AG,AREFU
AG,BASCOV
AG,BELEŢI-NEGREŞTI
AG,BEREVOEŞTI
AG,BOGAŢI
AG,BOTENI
AG,BOŢEŞTI
AG,BRADU
AG,BRĂDULEŢ
AG,BUDEASA
AG,BUGHEA DE JOS
AG,BUGHEA DE SUS
AG,BUZOEŞTI
AG,BÂRLA
AG,BĂBANA
AG,BĂICULEŞTI
AG,BĂLILEŞTI
AG,CEPARI
AG,CETĂŢENI
AG,CICĂNEŞTI
AG,CIOFRÂNGENI
AG,CIOMĂGEŞTI
AG,COCU
AG,CORBENI
AG,CORBI
AG,COTMEANA
AG,COŞEŞTI
AG,CUCA
AG,CĂLDĂRARU
AG,CĂLINEŞTI
AG,CĂTEASCA
AG,DAVIDEŞTI
AG,DOBREŞTI
AG,DOMNEŞTI
AG,DRAGOSLAVELE
AG,DRĂGANU
AG,DÂMBOVICIOARA
AG,DÂRMĂNEŞTI
AG,GODENI
AG,HÂRSEȘTI
AG,HÂRTIEŞTI
AG,IZVORU
AG,LEORDENI
AG,LEREŞTI
AG,LUNCA CORBULUI
AG,MERIŞANI
AG,MICEŞTI
AG,MIHĂEŞTI
AG,MIOARELE
AG,MIROŞI
AG,MORĂREŞTI
AG,MOZĂCENI
AG,MOŞOAIA
AG,MUNICIPIUL CURTEA DE ARGEŞ
AG,MUNICIPIUL CÂMPULUNG
AG,MUNICIPIUL PITEŞTI
AG,MUŞĂTEŞTI
AG,MĂLURENI
AG,MĂRĂCINENI
AG,NEGRAŞI
AG,NUCŞOARA
AG,OARJA
AG,ORAŞ COSTEŞTI
AG,ORAŞ MIOVENI
AG,ORAŞ TOPOLOVENI
AG,ORAŞ ŞTEFĂNEŞTI
AG,PIETROŞANI
AG,POIANA LACULUI
AG,POIENARII DE ARGEŞ
AG,POIENARII DE MUSCEL
AG,POPEŞTI
AG,PRIBOIENI
AG,RECEA
AG,ROCIU
AG,RUCĂR
AG,RÂCA
AG,RĂTEŞTI
AG,SCHITU GOLEŞTI
AG,SLOBOZIA
AG,STOENEŞTI
AG,STOLNICI
AG,STÂLPENI
AG,SUSENI
AG,SĂLĂTRUCU
AG,SĂPATA
AG,TEIU
AG,TIGVENI
AG,UDA
AG,UNGHENI
AG,VALEA DANULUI
AG,VALEA IAŞULUI
AG,VALEA MARE-PRAVĂŢ
AG,VEDEA
AG,VLĂDEŞTI
AG,VULTUREŞTI
AG,ŞTEFAN CEL MARE
AG,ŞUICI
AG,ŢIŢEŞTI
AR,ALMAŞ
AR,APATEU
AR,ARCHIŞ
AR,BATA
AR,BELIU
AR,BIRCHIŞ
AR,BOCSIG
AR,BRAZII
AR,BUTENI
AR,BÂRSA
AR,BÂRZAVA
AR,CERMEI
AR,CHISINDIA
AR,CONOP
AR,COVĂSINŢ
AR,CRAIVA
AR,CĂRAND
AR,DEZNA
AR,DIECI
AR,DOROBANŢI
AR,FELNAC
AR,FRUMUŞENI
AR,FÂNTÂNELE
AR,GHIOROC
AR,GRĂNICERI
AR,GURAHONŢ
AR,HĂLMAGIU
AR,HĂLMĂGEL
AR,HĂŞMAŞ
AR,IGNEŞTI
AR,IRATOŞU
AR,LIVADA
AR,MACEA
AR,MIŞCA
AR,MONEASA
AR,MUNICIPIUL ARAD
AR,OLARI
AR,ORAŞ CHIŞINEU-CRIŞ
AR,ORAŞ CURTICI
AR,ORAŞ INEU
AR,ORAŞ LIPOVA
AR,ORAŞ NĂDLAC
AR,ORAŞ PECICA
AR,ORAŞ PÂNCOTA
AR,ORAŞ SEBIŞ
AR,ORAŞ SÂNTANA
AR,PEREGU MARE
AR,PETRIŞ
AR,PILU
AR,PLEŞCUŢA
AR,PĂULIŞ
AR,SECUSIGIU
AR,SELEUŞ
AR,SEMLAC
AR,SINTEA MARE
AR,SOCODOR
AR,SĂVÂRŞIN
AR,TAUŢ
AR,TÂRNOVA
AR,USUSĂU
AR,VINGA
AR,VLADIMIRESCU
AR,VÂRFURILE
AR,VĂRĂDIA DE MUREŞ
AR,ZERIND
AR,ZIMANDU NOU
AR,ZĂBRANI
AR,ZĂDĂRENI
AR,ZĂRAND
AR,ŞAGU
AR,ŞEITIN
AR,ŞEPREUŞ
AR,ŞICULA
AR,ŞILINDIA
AR,ŞIMAND
AR,ŞIRIA
AR,ŞIŞTAROVĂŢ
AR,ŞOFRONEA
B,BUCUREŞTI SECTORUL 1
B,BUCUREŞTI SECTORUL 2
B,BUCUREŞTI SECTORUL 3
B,BUCUREŞTI SECTORUL 4
B,BUCUREŞTI SECTORUL 5
B,BUCUREŞTI SECTORUL 6
BC,AGĂŞ
BC,ARDEOANI
BC,ASĂU
BC,BALCANI
BC,BEREŞTI-BISTRIŢA
BC,BEREŞTI-TAZLĂU
BC,BERZUNŢI
BC,BLĂGEŞTI
BC,BOGDĂNEŞTI
BC,BRUSTUROASA
BC,BUCIUMI
BC,BUHOCI
BC,BÂRSĂNEŞTI
BC,CAŞIN
BC,CLEJA
BC,COLONEŞTI
BC,CORBASCA
BC,COŢOFĂNEŞTI
BC,CĂIUŢI
BC,DEALU MORII
BC,DOFTEANA
BC,DĂMIENEŞTI
BC,FARAOANI
BC,FILIPENI
BC,FILIPEŞTI
BC,GHIMEŞ-FĂGET
BC,GIOSENI
BC,GLĂVĂNEŞTI
BC,GURA VĂII
BC,GÂRLENI
BC,GĂICEANA
BC,HELEGIU
BC,HEMEIUŞ
BC,HORGEŞTI
BC,HURUIEŞTI
BC,ITEŞTI
BC,IZVORU BERHECIULUI
BC,LETEA VECHE
BC,LIPOVA
BC,LIVEZI
BC,LUIZI-CĂLUGĂRA
BC,MOTOŞENI
BC,MUNICIPIUL BACĂU
BC,MUNICIPIUL MOINEŞTI
BC,MUNICIPIUL ONEŞTI
BC,MĂGIREŞTI
BC,MĂGURA
BC,MĂNĂSTIREA CAŞIN
BC,MĂRGINENI
BC,NEGRI
BC,NICOLAE BĂLCESCU
BC,ODOBEŞTI
BC,OITUZ
BC,ONCEŞTI
BC,ORAŞ BUHUŞI
BC,ORAŞ COMĂNEŞTI
BC,ORAŞ DĂRMĂNEŞTI
BC,ORAŞ SLĂNIC-MOLDOVA
BC,ORAŞ TÂRGU OCNA
BC,ORBENI
BC,PALANCA
BC,PARAVA
BC,PARINCEA
BC,PLOPANA
BC,PODU TURCULUI
BC,PODURI
BC,PRĂJEŞTI
BC,PÂNCEŞTI
BC,PÂRGĂREŞTI
BC,PÂRJOL
BC,RACOVA
BC,ROŞIORI
BC,RĂCHITOASA
BC,RĂCĂCIUNI
BC,SASCUT
BC,SCORŢENI
BC,SECUIENI
BC,SOLONŢ
BC,STRUGARI
BC,STĂNIŞEŞTI
BC,SĂNDULENI
BC,SĂRATA
BC,SĂUCEŞTI
BC,TAMAŞI
BC,TRAIAN
BC,TÂRGU TROTUŞ
BC,TĂTĂRĂŞTI
BC,UNGURENI
BC,URECHEŞTI
BC,VALEA SEACĂ
BC,VULTURENI
BC,ZEMEŞ
BC,ŞTEFAN CEL MARE
BH,ABRAM
BH,AUŞEU
BH,AVRAM IANCU
BH,AŞTILEU
BH,BALC
BH,BATĂR
BH,BIHARIA
BH,BOIANU MARE
BH,BOROD
BH,BORŞ
BH,BRATCA
BH,BRUSTURI
BH,BUDUREASA
BH,BUDUSLĂU
BH,BULZ
BH,BUNTEŞTI
BH,CEFA
BH,CEICA
BH,CETARIU
BH,CHERECHIU
BH,CHIŞLAZ
BH,CIUMEGHIU
BH,COCIUBA MARE
BH,COPĂCEL
BH,CRIŞTIORU DE JOS
BH,CURTUIŞENI
BH,CURĂŢELE
BH,CÂMPANI
BH,CĂBEŞTI
BH,CĂPÂLNA
BH,CĂRPINET
BH,DERNA
BH,DIOSIG
BH,DOBREŞTI
BH,DRĂGEŞTI
BH,DRĂGĂNEŞTI
BH,FINIŞ
BH,GEPIU
BH,GIRIŞU DE CRIŞ
BH,HIDIŞELU DE SUS
BH,HOLOD
BH,HUSASĂU DE TINCA
BH,INEU
BH,LAZURI DE BEIUŞ
BH,LUGAŞU DE JOS
BH,LUNCA
BH,LĂZĂRENI
BH,MUNICIPIUL BEIUŞ
BH,MUNICIPIUL MARGHITA
BH,MUNICIPIUL ORADEA
BH,MUNICIPIUL SALONTA
BH,MĂDĂRAS
BH,MĂGEŞTI
BH,NOJORID
BH,OLCEA
BH,ORAŞ ALEŞD
BH,ORAŞ NUCET
BH,ORAŞ SĂCUENI
BH,ORAŞ VALEA LUI MIHAI
BH,ORAŞ VAŞCĂU
BH,ORAŞ ŞTEI
BH,OŞORHEI
BH,PALEU
BH,PETREU
BH,PIETROASA
BH,POCOLA
BH,POMEZEU
BH,POPEŞTI
BH,REMETEA
BH,RIENI
BH,ROŞIA
BH,ROŞIORI
BH,RĂBĂGANI
BH,SPINUŞ
BH,SUPLACU DE BARCĂU
BH,SÂMBĂTA
BH,SÂNIOB
BH,SÂNMARTIN
BH,SÂNNICOLAU ROMÂN
BH,SÂNTANDREI
BH,SÂRBI
BH,SĂCĂDAT
BH,SĂLACEA
BH,SĂLARD
BH,TARCEA
BH,TILEAGD
BH,TINCA
BH,TOBOLIU
BH,TULCA
BH,TĂMĂŞEU
BH,TĂRCAIA
BH,TĂUTEU
BH,UILEACU DE BEIUŞ
BH,VADU CRIŞULUI
BH,VIIŞOARA
BH,VÂRCIOROG
BH,ŞIMIAN
BH,ŞINTEU
BH,ŞOIMI
BH,ŞUNCUIUŞ
BH,ŢEŢCHEA
BN,BISTRIŢA BÂRGĂULUI
BN,BRANIŞTEA
BN,BUDACU DE JOS
BN,BUDEŞTI
BN,CETATE
BN,CHIOCHIŞ
BN,CHIUZA
BN,CICEU-GIURGEŞTI
BN,CICEU-MIHĂIEŞTI
BN,COŞBUC
BN,CĂIANU MIC
BN,DUMITRA
BN,DUMITRIŢA
BN,FELDRU
BN,GALAŢII BISTRIŢEI
BN,ILVA MARE
BN,ILVA MICĂ
BN,JOSENII BÂRGĂULUI
BN,LECHINŢA
BN,LEŞU
BN,LIVEZILE
BN,LUNCA ILVEI
BN,MAIERU
BN,MATEI
BN,MICEŞTII DE CÂMPIE
BN,MILAŞ
BN,MONOR
BN,MUNICIPIUL BISTRIŢA
BN,MĂGURA ILVEI
BN,MĂRIŞELU
BN,NEGRILEŞTI
BN,NIMIGEA
BN,NUŞENI
BN,ORAŞ BECLEAN
BN,ORAŞ NĂSĂUD
BN,ORAŞ SÂNGEORZ-BĂI
BN,PARVA
BN,PETRU RAREŞ
BN,POIANA ILVEI
BN,PRUNDU BÂRGĂULUI
BN,REBRA
BN,REBRIŞOARA
BN,RODNA
BN,ROMULI
BN,RUNCU SALVEI
BN,SALVA
BN,SILIVAŞU DE CÂMPIE
BN,SPERMEZEU
BN,SÂNMIHAIU DE CÂMPIE
BN,TEACA
BN,TELCIU
BN,TIHA BÂRGĂULUI
BN,TÂRLIŞUA
BN,URIU
BN,URMENIŞ
BN,ZAGRA
BN,ŞANŢ
BN,ŞIEU
BN,ŞIEU-MĂGHERUŞ
BN,ŞIEU-ODORHEI
BN,ŞIEUŢ
BN,ŞINTEREAG
BR,BERTEŞTII DE JOS
BR,BORDEI VERDE
BR,BĂRĂGANUL
BR,CAZASU
BR,CHISCANI
BR,CIOCILE
BR,CIREŞU
BR,DUDEŞTI
BR,FRECĂŢEI
BR,GALBENU
BR,GEMENELE
BR,GROPENI
BR,GRĂDIŞTEA
BR,JIRLĂU
BR,MIRCEA VODĂ
BR,MOVILA MIRESII
BR,MUNICIPIUL BRĂILA
BR,MĂRAŞU
BR,MĂXINENI
BR,ORAŞ FĂUREI
BR,ORAŞ IANCA
BR,ORAŞ ÎNSURĂŢEI
BR,RACOVIŢA
BR,ROMANU
BR,ROŞIORI
BR,RÂMNICELU
BR,SALCIA TUDOR
BR,SCORŢARU NOU
BR,SILIŞTEA
BR,STĂNCUŢA
BR,SURDILA-GRECI
BR,SURDILA-GĂISEANCA
BR,TICHILEŞTI
BR,TRAIAN
BR,TUDOR VLADIMIRESCU
BR,TUFEŞTI
BR,ULMU
BR,UNIREA
BR,VICTORIA
BR,VIZIRU
BR,VIŞANI
BR,VĂDENI
BR,ZĂVOAIA
BR,ŞUŢEŞTI
BT,ADĂŞENI
BT,ALBEŞTI
BT,AVRĂMENI
BT,BLÂNDEŞTI
BT,BROSCĂUŢI
BT,BRĂEŞTI
BT,BĂLUŞENI
BT,CONCEŞTI
BT,COPĂLĂU
BT,CORDĂRENI
BT,CORLĂTENI
BT,CORNI
BT,COŞULA
BT,COŢUŞCA
BT,CRISTEŞTI
BT,CRISTINEŞTI
BT,CURTEŞTI
BT,CÂNDEŞTI
BT,CĂLĂRAŞI
BT,DERSCA
BT,DIMĂCHENI
BT,DOBÂRCENI
BT,DRĂGUŞENI
BT,DURNEŞTI
BT,DÂNGENI
BT,FRUMUŞICA
BT,GEORGE ENESCU
BT,GORBĂNEŞTI
BT,HAVÂRNA
BT,HILIŞEU-HORIA
BT,HLIPICENI
BT,HUDEŞTI
BT,HĂNEŞTI
BT,IBĂNEŞTI
BT,LEORDA
BT,LOZNA
BT,LUNCA
BT,MANOLEASA
BT,MIHAI EMINESCU
BT,MIHĂILENI
BT,MIHĂLĂŞENI
BT,MILEANCA
BT,MITOC
BT,MUNICIPIUL BOTOŞANI
BT,MUNICIPIUL DOROHOI
BT,NICŞENI
BT,ORAŞ BUCECEA
BT,ORAŞ DARABANI
BT,ORAŞ FLĂMÂNZI
BT,ORAŞ SĂVENI
BT,ORAŞ ŞTEFĂNEŞTI
BT,POMÂRLA
BT,PRĂJENI
BT,PĂLTINIŞ
BT,RIPICENI
BT,ROMA
BT,ROMÂNEŞTI
BT,RĂCHIŢI
BT,RĂDĂUŢI-PRUT
BT,RĂUSENI
BT,SANTA MARE
BT,STĂUCENI
BT,SUHARĂU
BT,SULIŢA
BT,TODIRENI
BT,TRUŞEŞTI
BT,TUDORA
BT,UNGURENI
BT,UNŢENI
BT,VIIŞOARA
BT,VLĂDENI
BT,VLĂSINEŞTI
BT,VORNICENI
BT,VORONA
BT,VÂRFU CÂMPULUI
BT,VĂCULEŞTI
BT,ŞENDRICENI
BT,ŞTIUBIENI
BV,APAŢA
BV,AUGUSTIN
BV,BECLEAN
BV,BOD
BV,BRAN
BV,BUDILA
BV,BUNEŞTI
BV,CAŢA
BV,CINCU
BV,COMANA
BV,CRISTIAN
BV,CRIZBAV
BV,DRĂGUŞ
BV,DUMBRĂVIŢA
BV,FELDIOARA
BV,FUNDATA
BV,HOGHIZ
BV,HOLBAV
BV,HOMOROD
BV,HÂRSENI
BV,HĂLCHIU
BV,HĂRMAN
BV,JIBERT
BV,LISA
BV,MOIECIU
BV,MUNICIPIUL BRAŞOV
BV,MUNICIPIUL CODLEA
BV,MUNICIPIUL FĂGĂRAŞ
BV,MUNICIPIUL SĂCELE
BV,MÂNDRA
BV,MĂIERUŞ
BV,ORAŞ GHIMBAV
BV,ORAŞ PREDEAL
BV,ORAŞ RUPEA
BV,ORAŞ RÂŞNOV
BV,ORAŞ VICTORIA
BV,ORAŞ ZĂRNEŞTI
BV,ORMENIŞ
BV,POIANA MĂRULUI
BV,PREJMER
BV,PĂRĂU
BV,RACOŞ
BV,RECEA
BV,SÂMBĂTA DE SUS
BV,SÂNPETRU
BV,TELIU
BV,TICUŞU
BV,TĂRLUNGENI
BV,UCEA
BV,UNGRA
BV,VAMA BUZĂULUI
BV,VIŞTEA
BV,VOILA
BV,VULCAN
BV,ŞERCAIA
BV,ŞINCA
BV,ŞINCA NOUĂ
BV,ŞOARŞ
BZ,AMARU
BZ,BALTA ALBĂ
BZ,BECENI
BZ,BERCA
BZ,BISOCA
BZ,BLĂJANI
BZ,BOLDU
BZ,BOZIORU
BZ,BREAZA
BZ,BRĂDEANU
BZ,BRĂEŞTI
BZ,BUDA
BZ,BĂLĂCEANU
BZ,C.A. ROSETTI
BZ,CALVINI
BZ,CERNĂTEŞTI
BZ,CHILIILE
BZ,CHIOJDU
BZ,CILIBIA
BZ,CISLĂU
BZ,COCHIRLEANCA
BZ,COLŢI
BZ,COSTEŞTI
BZ,COZIENI
BZ,CĂNEŞTI
BZ,CĂTINA
BZ,FLORICA
BZ,GHERGHEASA
BZ,GHERĂSENI
BZ,GLODEANU SĂRAT
BZ,GLODEANU-SILIŞTEA
BZ,GREBĂNU
BZ,GURA TEGHII
BZ,GĂLBINAŞI
BZ,LARGU
BZ,LOPĂTARI
BZ,LUCIU
BZ,MEREI
BZ,MIHĂILEŞTI
BZ,MOVILA BANULUI
BZ,MUNICIPIUL BUZĂU
BZ,MUNICIPIUL RÂMNICU SĂRAT
BZ,MURGEŞTI
BZ,MÂNZĂLEŞTI
BZ,MĂGURA
BZ,MĂRGĂRITEŞTI
BZ,MĂRĂCINENI
BZ,NĂENI
BZ,ODĂILE
BZ,ORAŞ NEHOIU
BZ,ORAŞ POGOANELE
BZ,ORAŞ PĂTÂRLAGELE
BZ,PADINA
BZ,PARDOŞI
BZ,PIETROASELE
BZ,PODGORIA
BZ,POŞTA CÂLNĂU
BZ,PUIEŞTI
BZ,PÂRSCOV
BZ,PĂNĂTĂU
BZ,RACOVIŢENI
BZ,ROBEASCA
BZ,RUŞEŢU
BZ,RÂMNICELU
BZ,SCORŢOASA
BZ,SCUTELNICI
BZ,SIRIU
BZ,SMEENI
BZ,STÂLPU
BZ,SĂGEATA
BZ,SĂHĂTENI
BZ,SĂPOCA
BZ,SĂRULEŞTI
BZ,TISĂU
BZ,TOPLICENI
BZ,ULMENI
BZ,UNGURIU
BZ,VADU PAŞII
BZ,VALEA RÂMNICULUI
BZ,VALEA SALCIEI
BZ,VERNEŞTI
BZ,VINTILĂ VODĂ
BZ,VIPEREŞTI
BZ,VÂLCELELE
BZ,ZIDURI
BZ,ZĂRNEŞTI
BZ,ŢINTEŞTI
CJ,AGHIREŞU
CJ,AITON
CJ,ALUNIŞ
CJ,APAHIDA
CJ,AŞCHILEU
CJ,BACIU
CJ,BELIŞ
CJ,BOBÂLNA
CJ,BONŢIDA
CJ,BORŞA
CJ,BUZA
CJ,BĂIŞOARA
CJ,CEANU MARE
CJ,CHINTENI
CJ,CHIUIEŞTI
CJ,CIUCEA
CJ,CIURILA
CJ,COJOCNA
CJ,CORNEŞTI
CJ,CUZDRIOARA
CJ,CÂŢCĂU
CJ,CĂIANU
CJ,CĂLĂRAŞI
CJ,CĂLĂŢELE
CJ,CĂMĂRAŞU
CJ,CĂPUŞU MARE
CJ,CĂTINA
CJ,CĂŞEIU
CJ,DĂBÂCA
CJ,FELEACU
CJ,FIZEŞU GHERLII
CJ,FLOREŞTI
CJ,FRATA
CJ,GEACA
CJ,GILĂU
CJ,GÂRBĂU
CJ,IARA
CJ,ICLOD
CJ,IZVORU CRIŞULUI
CJ,JICHIŞU DE JOS
CJ,JUCU
CJ,LUNA
CJ,MICA
CJ,MIHAI VITEAZU
CJ,MINTIU GHERLII
CJ,MOCIU
CJ,MOLDOVENEŞTI
CJ,MUNICIPIUL CLUJ-NAPOCA
CJ,MUNICIPIUL CÂMPIA TURZII
CJ,MUNICIPIUL DEJ
CJ,MUNICIPIUL GHERLA
CJ,MUNICIPIUL TURDA
CJ,MĂGURI-RĂCĂTĂU
CJ,MĂNĂSTIRENI
CJ,MĂRGĂU
CJ,MĂRIŞEL
CJ,NEGRENI
CJ,ORAŞ HUEDIN
CJ,PANTICEU
CJ,PETREŞTII DE JOS
CJ,PLOSCOŞ
CJ,POIENI
CJ,PĂLATCA
CJ,RECEA-CRISTUR
CJ,RIŞCA
CJ,SIC
CJ,SUATU
CJ,SÂNCRAIU
CJ,SÂNMĂRTIN
CJ,SÂNPAUL
CJ,SĂCUIEU
CJ,SĂNDULEŞTI
CJ,SĂVĂDISLA
CJ,TRITENII DE JOS
CJ,TURENI
CJ,UNGURAŞ
CJ,VAD
CJ,VALEA IERII
CJ,VIIŞOARA
CJ,VULTURENI
CJ,ŢAGA
CL,ALEXANDRU ODOBESCU
CL,BELCIUGATELE
CL,BORCEA
CL,CHIRNOGI
CL,CHISELET
CL,CIOCĂNEŞTI
CL,CRIVĂŢ
CL,CURCANI
CL,CUZA VODĂ
CL,CĂSCIOARELE
CL,DICHISENI
CL,DOR MĂRUNT
CL,DOROBANŢU
CL,DRAGALINA
CL,DRAGOŞ VODĂ
CL,FRUMUŞANI
CL,FRĂSINET
CL,FUNDENI
CL,GRĂDIŞTEA
CL,GURBĂNEŞTI
CL,GĂLBINAŞI
CL,ILEANA
CL,INDEPENDENŢA
CL,JEGĂLIA
CL,LEHLIU
CL,LUICA
CL,LUPŞANU
CL,MITRENI
CL,MODELU
CL,MUNICIPIUL CĂLĂRAŞI
CL,MUNICIPIUL OLTENIŢA
CL,MÂNĂSTIREA
CL,NANA
CL,NICOLAE BĂLCESCU
CL,ORAŞ BUDEŞTI
CL,ORAŞ FUNDULEA
CL,ORAŞ LEHLIU-GARĂ
CL,PERIŞORU
CL,PLĂTĂREŞTI
CL,RADOVANU
CL,ROSEŢI
CL,SOHATU
CL,SPANŢOV
CL,SĂRULEŞTI
CL,TĂMĂDĂU MARE
CL,ULMENI
CL,ULMU
CL,UNIREA
CL,VALEA ARGOVEI
CL,VASILAŢI
CL,VLAD ŢEPEŞ
CL,VÂLCELELE
CL,ŞOLDANU
CL,ŞTEFAN CEL MARE
CL,ŞTEFAN VODĂ
CS,ARMENIŞ
CS,BERLIŞTE
CS,BERZASCA
CS,BERZOVIA
CS,BOLVAŞNIŢA
CS,BOZOVICI
CS,BREBU
CS,BREBU NOU
CS,BUCHIN
CS,BUCOŞNIŢA
CS,BĂNIA
CS,BĂUŢAR
CS,CARAŞOVA
CS,CICLOVA ROMÂNĂ
CS,CIUCHICI
CS,CIUDANOVIŢA
CS,CONSTANTIN DAICOVICIU
CS,COPĂCELE
CS,CORNEA
CS,CORNEREVA
CS,CORONINI
CS,CĂRBUNARI
CS,DALBOŞEŢ
CS,DOCLIN
CS,DOGNECEA
CS,DOMAŞNEA
CS,EFTIMIE MURGU
CS,EZERIŞ
CS,FOROTIC
CS,FÂRLIUG
CS,GLIMBOCA
CS,GORUIA
CS,GRĂDINARI
CS,GÂRNIC
CS,IABLANIŢA
CS,LUNCAVIŢA
CS,LUPAC
CS,LĂPUŞNICEL
CS,LĂPUŞNICU MARE
CS,MARGA
CS,MEHADIA
CS,MEHADICA
CS,MUNICIPIUL CARANSEBEŞ
CS,MUNICIPIUL REŞIŢA
CS,MĂURENI
CS,NAIDĂŞ
CS,OBREJA
CS,OCNA DE FIER
CS,ORAŞ ANINA
CS,ORAŞ BOCŞA
CS,ORAŞ BĂILE HERCULANE
CS,ORAŞ MOLDOVA NOUĂ
CS,ORAŞ ORAVIŢA
CS,ORAŞ OŢELU ROŞU
CS,POJEJENA
CS,PRIGOR
CS,PĂLTINIŞ
CS,RAMNA
CS,RUSCA MONTANĂ
CS,RĂCĂŞDIA
CS,SACU
CS,SASCA MONTANĂ
CS,SICHEVIŢA
CS,SLATINA-TIMIŞ
CS,SOCOL
CS,TEREGOVA
CS,TICVANIU MARE
CS,TOPLEŢ
CS,TURNU RUIENI
CS,TÂRNOVA
CS,VERMEŞ
CS,VRANI
CS,VĂLIUG
CS,VĂRĂDIA
CS,ZORLENŢU MARE
CS,ZĂVOI
CS,ŞOPOTU NOU
CT,23 AUGUST
CT,ADAMCLISI
CT,AGIGEA
CT,ALBEŞTI
CT,ALIMAN
CT,AMZACEA
CT,BĂNEASA
CT,BĂRĂGANU
CT,CASTELU
CT,CERCHEZU
CT,CHIRNOGENI
CT,CIOBANU
CT,CIOCÂRLIA
CT,COBADIN
CT,COGEALAC
CT,COMANA
CT,CORBU
CT,COSTINEŞTI
CT,CRUCEA
CT,CUMPĂNA
CT,CUZA VODĂ
CT,DELENI
CT,DOBROMIR
CT,DUMBRĂVENI
CT,FÂNTÂNELE
CT,GHINDĂREŞTI
CT,GRĂDINA
CT,GÂRLICIU
CT,HORIA
CT,INDEPENDENŢA
CT,ION CORVIN
CT,ISTRIA
CT,LIMANU
CT,LIPNIŢA
CT,LUMINA
CT,MERENI
CT,MIHAI VITEAZU
CT,MIHAIL KOGĂLNICEANU
CT,MIRCEA VODĂ
CT,MUNICIPIUL CONSTANŢA
CT,MUNICIPIUL MANGALIA
CT,MUNICIPIUL MEDGIDIA
CT,NICOLAE BĂLCESCU
CT,OLTINA
CT,ORAŞ CERNAVODĂ
CT,ORAŞ EFORIE
CT,ORAŞ HÂRŞOVA
CT,ORAŞ MURFATLAR
CT,ORAŞ NEGRU VODĂ
CT,ORAŞ NĂVODARI
CT,ORAŞ OVIDIU
CT,ORAŞ TECHIRGHIOL
CT,OSTROV
CT,PANTELIMON
CT,PECINEAGA
CT,PEŞTERA
CT,POARTA ALBĂ
CT,RASOVA
CT,SALIGNY
CT,SARAIU
CT,SEIMENI
CT,SILIŞTEA
CT,SĂCELE
CT,TOPALU
CT,TOPRAISAR
CT,TORTOMAN
CT,TUZLA
CT,TÂRGUŞOR
CT,VALU LUI TRAIAN
CT,VULTURU
CV,AITA MARE
CV,ARCUŞ
CV,BARCANI
CV,BELIN
CV,BIXAD
CV,BODOC
CV,BOROŞNEU MARE
CV,BRATEŞ
CV,BREŢCU
CV,BRĂDUŢ
CV,BĂŢANI
CV,CATALINA
CV,CERNAT
CV,CHICHIŞ
CV,COMANDĂU
CV,DALNIC
CV,DOBÂRLĂU
CV,ESTELNIC
CV,GHELINŢA
CV,GHIDFALĂU
CV,HĂGHIG
CV,ILIENI
CV,LEMNIA
CV,MALNAŞ
CV,MERENI
CV,MICFALĂU
CV,MOACŞA
CV,MUNICIPIUL SFÂNTU GHEORGHE
CV,MUNICIPIUL TÂRGU SECUIESC
CV,OJDULA
CV,ORAŞ BARAOLT
CV,ORAŞ COVASNA
CV,ORAŞ ÎNTORSURA BUZĂULUI
CV,OZUN
CV,POIAN
CV,RECI
CV,SITA BUZĂULUI
CV,SÂNZIENI
CV,TURIA
CV,VALEA CRIŞULUI
CV,VALEA MARE
CV,VÂLCELE
CV,VÂRGHIŞ
CV,ZAGON
CV,ZĂBALA
DB,ANINOASA
DB,BEZDEAD
DB,BILCIUREŞTI
DB,BRANIŞTEA
DB,BREZOAELE
DB,BRĂNEŞTI
DB,BUCIUMENI
DB,BUCŞANI
DB,BUTIMANU
DB,BĂLENI
DB,BĂRBULEŢU
DB,CIOCĂNEŞTI
DB,COBIA
DB,COJASCA
DB,COMIŞANI
DB,CONŢEŞTI
DB,CORBII MARI
DB,CORNEŞTI
DB,CORNĂŢELU
DB,COSTEŞTII DIN VALE
DB,CREVEDIA
DB,CRÂNGURILE
DB,CÂNDEŞTI
DB,DOBRA
DB,DOICEŞTI
DB,DRAGODANA
DB,DRAGOMIREŞTI
DB,DĂRMĂNEŞTI
DB,FINTA
DB,GLODENI
DB,GURA FOII
DB,GURA OCNIŢEI
DB,GURA ŞUŢII
DB,HULUBEŞTI
DB,I. L. CARAGIALE
DB,IEDERA
DB,LUCIENI
DB,LUDEŞTI
DB,LUNGULEŢU
DB,MALU CU FLORI
DB,MOGOŞANI
DB,MOROENI
DB,MORTENI
DB,MOŢĂIENI
DB,MUNICIPIUL MORENI
DB,MUNICIPIUL TÂRGOVIŞTE
DB,MĂNEŞTI
DB,MĂTĂSARU
DB,NICULEŞTI
DB,NUCET
DB,OCNIŢA
DB,ODOBEŞTI
DB,ORAŞ FIENI
DB,ORAŞ GĂEŞTI
DB,ORAŞ PUCIOASA
DB,ORAŞ RĂCARI
DB,ORAŞ TITU
DB,PERŞINARI
DB,PETREŞTI
DB,PIETRARI
DB,PIETROŞIŢA
DB,POIANA
DB,POTLOGI
DB,PRODULEŞTI
DB,PUCHENI
DB,RACIU
DB,RUNCU
DB,RÂU ALB
DB,RĂSCĂEŢI
DB,RĂZVAD
DB,SLOBOZIA MOARĂ
DB,SĂLCIOARA
DB,TĂRTĂŞEŞTI
DB,TĂTĂRANI
DB,ULIEŞTI
DB,ULMI
DB,VALEA LUNGĂ
DB,VALEA MARE
DB,VIŞINA
DB,VIŞINEŞTI
DB,VLĂDENI
DB,VOINEŞTI
DB,VULCANA-BĂI
DB,VULCANA-PANDELE
DB,VÂRFURI
DB,VĂCĂREŞTI
DB,VĂLENI-DÂMBOVIŢA
DB,ŞELARU
DB,ŞOTÂNGA
DJ,AFUMAŢI
DJ,ALMĂJ
DJ,AMĂRĂŞTII DE JOS
DJ,AMĂRĂŞTII DE SUS
DJ,APELE VII
DJ,ARGETOAIA
DJ,BISTREŢ
DJ,BOTOŞEŞTI-PAIA
DJ,BRABOVA
DJ,BRALOŞTIŢA
DJ,BRATOVOEŞTI
DJ,BREASTA
DJ,BRĂDEŞTI
DJ,BUCOVĂŢ
DJ,BULZEŞTI
DJ,BÂRCA
DJ,CALOPĂR
DJ,CARAULA
DJ,CARPEN
DJ,CASTRANOVA
DJ,CATANE
DJ,CELARU
DJ,CERNĂTEŞTI
DJ,CERĂT
DJ,CETATE
DJ,CIOROIAŞI
DJ,CIUPERCENII NOI
DJ,COŞOVENI
DJ,COŢOFENII DIN DOS
DJ,COŢOFENII DIN FAŢĂ
DJ,CÂRCEA
DJ,CÂRNA
DJ,CĂLĂRAŞI
DJ,DANEŢI
DJ,DESA
DJ,DIOŞTI
DJ,DOBREŞTI
DJ,DOBROTEŞTI
DJ,DRĂGOTEŞTI
DJ,DRĂNIC
DJ,FĂRCAŞ
DJ,GALICEA MARE
DJ,GALICIUICA
DJ,GHERCEŞTI
DJ,GHIDICI
DJ,GHINDENI
DJ,GIGHERA
DJ,GIUBEGA
DJ,GIURGIŢA
DJ,GOGOŞU
DJ,GOICEA
DJ,GOIEŞTI
DJ,GRECEŞTI
DJ,GÂNGIOVA
DJ,IZVOARE
DJ,IŞALNIŢA
DJ,LEU
DJ,LIPOVU
DJ,MAGLAVIT
DJ,MALU MARE
DJ,MELINEŞTI
DJ,MISCHII
DJ,MOŢĂŢEI
DJ,MUNICIPIUL BĂILEŞTI
DJ,MUNICIPIUL CALAFAT
DJ,MUNICIPIUL CRAIOVA
DJ,MURGAŞI
DJ,MÂRŞANI
DJ,MĂCEŞU DE JOS
DJ,MĂCEŞU DE SUS
DJ,NEGOI
DJ,ORAŞ BECHET
DJ,ORAŞ DĂBULENI
DJ,ORAŞ FILIAŞI
DJ,ORAŞ ŞEGARCEA
DJ,ORODEL
DJ,OSTROVENI
DJ,PERIŞOR
DJ,PIELEŞTI
DJ,PISCU VECHI
DJ,PLENIŢA
DJ,PLEŞOI
DJ,PODARI
DJ,POIANA MARE
DJ,PREDEŞTI
DJ,RADOVAN
DJ,RAST
DJ,ROBĂNEŞTI
DJ,ROJIŞTE
DJ,SADOVA
DJ,SCĂEŞTI
DJ,SEACA DE CÂMP
DJ,SEACA DE PĂDURE
DJ,SECU
DJ,SILIŞTEA CRUCII
DJ,SOPOT
DJ,SĂLCUŢA
DJ,TEASC
DJ,TERPEZIŢA
DJ,TESLUI
DJ,TĂLPAŞ
DJ,UNIREA
DJ,URZICUŢA
DJ,VALEA STANCIULUI
DJ,VELA
DJ,VERBIŢA
DJ,VÂRTOP
DJ,VÂRVORU DE JOS
DJ,ÎNTORSURA
DJ,ŞIMNICU DE SUS
DJ,ŢUGLUI
GJ,ALBENI
GJ,ALIMPEŞTI
GJ,ANINOASA
GJ,ARCANI
GJ,BAIA DE FIER
GJ,BENGEŞTI-CIOCADIA
GJ,BERLEŞTI
GJ,BOLBOŞI
GJ,BORĂSCU
GJ,BRĂNEŞTI
GJ,BUMBEŞTI-PIŢIC
GJ,BUSTUCHIN
GJ,BÂLTENI
GJ,BĂLEŞTI
GJ,BĂLĂNEŞTI
GJ,BĂRBĂTEŞTI
GJ,CIUPERCENI
GJ,CRASNA
GJ,CRUŞEŢ
GJ,CÂLNIC
GJ,CĂPRENI
GJ,CĂTUNELE
GJ,DRĂGOTEŞTI
GJ,DRĂGUŢEŞTI
GJ,DĂNCIULEŞTI
GJ,DĂNEŞTI
GJ,FĂRCĂŞEŞTI
GJ,GLOGOVA
GJ,GODINEŞTI
GJ,HUREZANI
GJ,IONEŞTI
GJ,JUPÂNEŞTI
GJ,LELEŞTI
GJ,LICURICI
GJ,LOGREŞTI
GJ,MUNICIPIUL MOTRU
GJ,MUNICIPIUL TÂRGU JIU
GJ,MUŞETEŞTI
GJ,MĂTĂSARI
GJ,NEGOMIR
GJ,ORAŞ BUMBEŞTI-JIU
GJ,ORAŞ NOVACI
GJ,ORAŞ ROVINARI
GJ,ORAŞ TISMANA
GJ,ORAŞ TURCENI
GJ,ORAŞ TÂRGU CĂRBUNEŞTI
GJ,ORAŞ ŢICLENI
GJ,PADEŞ
GJ,PEŞTIŞANI
GJ,PLOPŞORU
GJ,POLOVRAGI
GJ,PRIGORIA
GJ,ROŞIA DE AMARADIA
GJ,RUNCU
GJ,SAMARINEŞTI
GJ,SCHELA
GJ,SCOARŢA
GJ,SLIVILEŞTI
GJ,STEJARI
GJ,STOINA
GJ,STĂNEŞTI
GJ,SĂCELU
GJ,SĂULEŞTI
GJ,TELEŞTI
GJ,TURBUREA
GJ,TURCINEŞTI
GJ,URDARI
GJ,VLADIMIR
GJ,VĂGIULEŞTI
GJ,ŢÂNŢĂRENI
GL,BARCEA
GL,BEREŞTI-MERIA
GL,BRANIŞTEA
GL,BRĂHĂŞEŞTI
GL,BUCIUMENI
GL,BĂLENI
GL,BĂLĂBĂNEŞTI
GL,BĂLĂŞEŞTI
GL,BĂNEASA
GL,CAVADINEŞTI
GL,CERŢEŞTI
GL,CORNI
GL,COROD
GL,COSMEŞTI
GL,COSTACHE NEGRI
GL,CUCA
GL,CUDALBI
GL,CUZA VODĂ
GL,DRĂGUŞENI
GL,DRĂGĂNEŞTI
GL,FOLTEŞTI
GL,FRUMUŞIŢA
GL,FUNDENI
GL,FÂRŢĂNEŞTI
GL,GHIDIGENI
GL,GOHOR
GL,GRIVIŢA
GL,INDEPENDENŢA
GL,IVEŞTI
GL,JORĂŞTI
GL,LIEŞTI
GL,MATCA
GL,MOVILENI
GL,MUNICIPIUL GALAŢI
GL,MUNICIPIUL TECUCI
GL,MUNTENI
GL,MĂSTĂCANI
GL,NEGRILEŞTI
GL,NICOREŞTI
GL,NĂMOLOASA
GL,OANCEA
GL,ORAŞ BEREŞTI
GL,ORAŞ TÂRGU BUJOR
GL,PECHEA
GL,PISCU
GL,POIANA
GL,PRIPONEŞTI
GL,REDIU
GL,RĂDEŞTI
GL,SCHELA
GL,SCÂNTEIEŞTI
GL,SLOBOZIA CONACHI
GL,SMULŢI
GL,SMÂRDAN
GL,SUCEVENI
GL,SUHURLUI
GL,TUDOR VLADIMIRESCU
GL,TULUCEŞTI
GL,UMBRĂREŞTI
GL,VALEA MĂRULUI
GL,VLĂDEŞTI
GL,VÂNĂTORI
GL,VÂRLEZI
GL,ŞENDRENI
GL,ŢEPU
GR,ADUNAŢII-COPĂCENI
GR,BOLINTIN-DEAL
GR,BUCŞANI
GR,BULBUCATA
GR,BUTURUGENI
GR,BĂNEASA
GR,CLEJANI
GR,COLIBAŞI
GR,COMANA
GR,COSOBA
GR,CREVEDIA MARE
GR,CĂLUGĂRENI
GR,DAIA
GR,FLOREŞTI-STOENEŞTI
GR,FRĂTEŞTI
GR,GHIMPAŢI
GR,GOGOŞARI
GR,GOSTINARI
GR,GOSTINU
GR,GREACA
GR,GRĂDINARI
GR,GĂISENI
GR,GĂUJANI
GR,HERĂŞTI
GR,HOTARELE
GR,IEPUREŞTI
GR,ISVOARELE
GR,IZVOARELE
GR,JOIŢA
GR,LETCA NOUĂ
GR,MALU
GR,MIHAI BRAVU
GR,MUNICIPIUL GIURGIU
GR,MÂRŞA
GR,OGREZENI
GR,OINACU
GR,ORAŞ BOLINTIN-VALE
GR,ORAŞ MIHĂILEŞTI
GR,PRUNDU
GR,PUTINEIU
GR,ROATA DE JOS
GR,RĂSUCENI
GR,SCHITU
GR,SINGURENI
GR,SLOBOZIA
GR,STOENEŞTI
GR,STĂNEŞTI
GR,SĂBĂRENI
GR,TOPORU
GR,ULMI
GR,VALEA DRAGULUI
GR,VEDEA
GR,VÂNĂTORII MICI
GR,VĂRĂŞTI
HD,BAIA DE CRIŞ
HD,BALŞA
HD,BARU
HD,BERIU
HD,BLĂJENI
HD,BOŞOROD
HD,BRETEA ROMÂNĂ
HD,BRĂNIŞCA
HD,BUCEŞ
HD,BUCUREŞCI
HD,BULZEŞTII DE SUS
HD,BUNILA
HD,BURJUC
HD,BĂCIA
HD,BĂIŢA
HD,BĂNIŢA
HD,BĂTRÂNA
HD,CERBĂL
HD,CERTEJU DE SUS
HD,CRIŞCIOR
HD,CÂRJIŢI
HD,DENSUŞ
HD,DOBRA
HD,GENERAL BERTHELOT
HD,GHELARI
HD,GURASADA
HD,HĂRĂU
HD,ILIA
HD,LELESE
HD,LUNCA CERNII DE JOS
HD,LUNCOIU DE JOS
HD,LĂPUGIU DE JOS
HD,MUNICIPIUL BRAD
HD,MUNICIPIUL DEVA
HD,MUNICIPIUL HUNEDOARA
HD,MUNICIPIUL LUPENI
HD,MUNICIPIUL ORĂŞTIE
HD,MUNICIPIUL PETROŞANI
HD,MUNICIPIUL VULCAN
HD,MĂRTINEŞTI
HD,ORAŞ ANINOASA
HD,ORAŞ CĂLAN
HD,ORAŞ GEOAGIU
HD,ORAŞ HAŢEG
HD,ORAŞ PETRILA
HD,ORAŞ SIMERIA
HD,ORAŞ URICANI
HD,ORĂŞTIOARA DE SUS
HD,PESTIŞU MIC
HD,PUI
HD,RAPOLTU MARE
HD,RIBIŢA
HD,ROMOS
HD,RÂU DE MORI
HD,RĂCHITOVA
HD,SARMIZEGETUSA
HD,SÂNTĂMĂRIA-ORLEA
HD,SĂLAŞU DE SUS
HD,TELIUCU INFERIOR
HD,TOMEŞTI
HD,TOPLIŢA
HD,TOTEŞTI
HD,TURDAŞ
HD,VAŢA DE JOS
HD,VEŢEL
HD,VORŢA
HD,VĂLIŞOARA
HD,ZAM
HD,ŞOIMUŞ
HR,ATID
HR,AVRĂMEŞTI
HR,BILBOR
HR,BRĂDEŞTI
HR,CICEU
HR,CIUCSÂNGEORGIU
HR,CIUMANI
HR,CORBU
HR,CORUND
HR,COZMENI
HR,CÂRŢA
HR,CĂPÂLNIŢA
HR,DEALU
HR,DITRĂU
HR,DÂRJIU
HR,DĂNEŞTI
HR,FELICENI
HR,FRUMOASA
HR,GĂLĂUŢAŞ
HR,JOSENI
HR,LELICENI
HR,LUETA
HR,LUNCA DE JOS
HR,LUNCA DE SUS
HR,LUPENI
HR,LĂZAREA
HR,MEREŞTI
HR,MIHĂILENI
HR,MUGENI
HR,MUNICIPIUL GHEORGHENI
HR,MUNICIPIUL MIERCUREA-CIUC
HR,MUNICIPIUL ODORHEIU SECUIESC
HR,MUNICIPIUL TOPLIŢA
HR,MĂDĂRAŞ
HR,MĂRTINIŞ
HR,OCLAND
HR,ORAŞ BORSEC
HR,ORAŞ BĂILE TUŞNAD
HR,ORAŞ BĂLAN
HR,ORAŞ CRISTURU SECUIESC
HR,ORAŞ VLĂHIŢA
HR,PLĂIEŞII DE JOS
HR,PORUMBENI
HR,PRAID
HR,PĂULENI-CIUC
HR,RACU
HR,REMETEA
HR,SATU MARE
HR,SECUIENI
HR,SICULENI
HR,SUBCETATE
HR,SUSENI
HR,SÂNCRĂIENI
HR,SÂNDOMINIC
HR,SÂNMARTIN
HR,SÂNSIMION
HR,SÂNTIMBRU
HR,SĂCEL
HR,SĂRMAŞ
HR,TOMEŞTI
HR,TULGHEŞ
HR,TUŞNAD
HR,ULIEŞ
HR,VOŞLĂBENI
HR,VĂRŞAG
HR,ZETEA
HR,ŞIMONEŞTI
IF,1 DECEMBRIE
IF,AFUMAŢI
IF,BALOTEŞTI
IF,BERCENI
IF,BRĂNEŞTI
IF,CERNICA
IF,CHIAJNA
IF,CIOLPANI
IF,CIOROGÂRLA
IF,CLINCENI
IF,COPĂCENI
IF,CORBEANCA
IF,CORNETU
IF,DASCĂLU
IF,DOBROEŞTI
IF,DOMNEŞTI
IF,DRAGOMIREŞTI-VALE
IF,DĂRĂŞTI-ILFOV
IF,GLINA
IF,GRUIU
IF,GRĂDIŞTEA
IF,GĂNEASA
IF,JILAVA
IF,MOARA VLĂSIEI
IF,MOGOŞOAIA
IF,NUCI
IF,ORAŞ BRAGADIRU
IF,ORAŞ BUFTEA
IF,ORAŞ CHITILA
IF,ORAŞ MĂGURELE
IF,ORAŞ OTOPENI
IF,ORAŞ PANTELIMON
IF,ORAŞ POPEŞTI-LEORDENI
IF,ORAŞ VOLUNTARI
IF,PERIŞ
IF,PETRĂCHIOAIA
IF,SNAGOV
IF,TUNARI
IF,VIDRA
IF,ŞTEFĂNEŞTII DE JOS
IL,ADÂNCATA
IL,ALBEŞTI
IL,ALEXENI
IL,ANDRĂŞEŞTI
IL,ARMĂŞEŞTI
IL,AXINTELE
IL,BALACIU
IL,BORDUŞANI
IL,BORĂNEŞTI
IL,BUCU
IL,BUEŞTI
IL,BĂRBULEŞTI
IL,BĂRCĂNEŞTI
IL,CIOCHINA
IL,CIOCÂRLIA
IL,CIULNIŢA
IL,COCORA
IL,COLELIA
IL,COSÂMBEŞTI
IL,COŞERENI
IL,DRIDU
IL,DRĂGOEŞTI
IL,FĂCĂENI
IL,GHEORGHE DOJA
IL,GHEORGHE LAZĂR
IL,GIURGENI
IL,GRINDU
IL,GRIVIŢA
IL,GURA IALOMIŢEI
IL,GÂRBOVI
IL,ION ROATĂ
IL,JILAVELE
IL,MAIA
IL,MANASIA
IL,MIHAIL KOGĂLNICEANU
IL,MILOŞEŞTI
IL,MOLDOVENI
IL,MOVILA
IL,MOVILIŢA
IL,MUNICIPIUL FETEŞTI
IL,MUNICIPIUL SLOBOZIA
IL,MUNICIPIUL URZICENI
IL,MUNTENI-BUZĂU
IL,MĂRCULEŞTI
IL,OGRADA
IL,ORAŞ AMARA
IL,ORAŞ CĂZĂNEŞTI
IL,ORAŞ FIERBINŢI-TÂRG
IL,ORAŞ ŢĂNDĂREI
IL,PERIEŢI
IL,PLATONEŞTI
IL,REVIGA
IL,ROŞIORI
IL,RĂDULEŞTI
IL,SCÂNTEIA
IL,SFÂNTU GHEORGHE
IL,SINEŞTI
IL,STELNICA
IL,SUDIŢI
IL,SĂLCIOARA
IL,SĂRĂŢENI
IL,SĂVENI
IL,TRAIAN
IL,VALEA CIORII
IL,VALEA MĂCRIŞULUI
IL,VLĂDENI
IS,ALEXANDRU I. CUZA
IS,ANDRIEŞENI
IS,ARONEANU
IS,BALŞ
IS,BELCEŞTI
IS,BIVOLARI
IS,BRĂEŞTI
IS,BUTEA
IS,BÂRNOVA
IS,BĂLŢAŢI
IS,CEPLENIŢA
IS,CIOHORĂNI
IS,CIORTEŞTI
IS,CIUREA
IS,COARNELE CAPREI
IS,COMARNA
IS,COSTEŞTI
IS,COSTULENI
IS,COTNARI
IS,COZMEŞTI
IS,CRISTEŞTI
IS,CUCUTENI
IS,DAGÂŢA
IS,DELENI
IS,DOBROVĂŢ
IS,DOLHEŞTI
IS,DRĂGUŞENI
IS,DUMEŞTI
IS,ERBICENI
IS,FOCURI
IS,FÂNTÂNELE
IS,GOLĂIEŞTI
IS,GORBAN
IS,GRAJDURI
IS,GROPNIŢA
IS,GROZEŞTI
IS,HELEŞTENI
IS,HOLBOCA
IS,HORLEŞTI
IS,HĂLĂUCEŞTI
IS,HĂRMĂNEŞTI
IS,ION NECULCE
IS,IPATELE
IS,LESPEZI
IS,LEŢCANI
IS,LUNGANI
IS,MIRCEŞTI
IS,MIRONEASA
IS,MIROSLAVA
IS,MIROSLOVEŞTI
IS,MOGOŞEŞTI
IS,MOGOŞEŞTI-SIRET
IS,MOVILENI
IS,MOŞNA
IS,MOŢCA
IS,MUNICIPIUL IAŞI
IS,MUNICIPIUL PAŞCANI
IS,MĂDÂRJAC
IS,ORAŞ HÂRLĂU
IS,ORAŞ PODU ILOAIEI
IS,ORAŞ TÂRGU FRUMOS
IS,OŢELENI
IS,PLUGARI
IS,POPEŞTI
IS,POPRICANI
IS,PRISĂCANI
IS,PROBOTA
IS,REDIU
IS,ROMÂNEŞTI
IS,ROŞCANI
IS,RUGINOASA
IS,RĂCHITENI
IS,RĂDUCĂNENI
IS,SCHITU DUCA
IS,SCOBINŢI
IS,SCÂNTEIA
IS,SINEŞTI
IS,SIREŢEL
IS,STOLNICENI-PRĂJESCU
IS,STRUNGA
IS,TANSA
IS,TODIREŞTI
IS,TOMEŞTI
IS,TRIFEŞTI
IS,TĂTĂRUŞI
IS,UNGHENI
IS,VALEA LUPULUI
IS,VALEA SEACĂ
IS,VICTORIA
IS,VLĂDENI
IS,VOINEŞTI
IS,VÂNĂTORI
IS,ŞCHEIA
IS,ŞIPOTE
IS,ŢIBANA
IS,ŢIBĂNEŞTI
IS,ŢIGĂNAŞI
IS,ŢUŢORA
MH,BALA
MH,BALTA
MH,BRANIŞTEA
MH,BREZNIŢA-MOTRU
MH,BREZNIŢA-OCOL
MH,BROŞTENI
MH,BURILA MARE
MH,BUTOIEŞTI
MH,BÂCLEŞ
MH,BÂLVĂNEŞTI
MH,BĂLĂCIŢA
MH,CIREŞU
MH,CORCOVA
MH,CORLĂŢEL
MH,CUJMIR
MH,CĂZĂNEŞTI
MH,DEVESEL
MH,DUBOVA
MH,DUMBRAVA
MH,DÂRVARI
MH,EŞELNIŢA
MH,FLOREŞTI
MH,GODEANU
MH,GOGOŞU
MH,GRECI
MH,GROZEŞTI
MH,GRUIA
MH,GÂRLA MARE
MH,HINOVA
MH,HUSNICIOARA
MH,ILOVIŢA
MH,ILOVĂŢ
MH,ISVERNA
MH,IZVORU BÂRZII
MH,JIANA
MH,LIVEZILE
MH,MALOVĂŢ
MH,MUNICIPIUL DROBETA-TURNU SEVERIN
MH,MUNICIPIUL ORŞOVA
MH,OBÂRŞIA DE CÂMP
MH,OBÂRŞIA-CLOŞANI
MH,OPRIŞOR
MH,ORAŞ BAIA DE ARAMĂ
MH,ORAŞ STREHAIA
MH,ORAŞ VÂNJU MARE
MH,PODENI
MH,PONOARELE
MH,POROINA MARE
MH,PRISTOL
MH,PRUNIŞOR
MH,PUNGHINA
MH,PĂDINA
MH,PĂTULELE
MH,ROGOVA
MH,SALCIA
MH,STÂNGĂCEAUA
MH,SVINIŢA
MH,TÂMNA
MH,VLĂDAIA
MH,VOLOIAC
MH,VRATA
MH,VÂNJULEŢ
MH,VÂNĂTORI
MH,ŞIMIAN
MH,ŞIŞEŞTI
MH,ŞOVARNA
MM,ARDUSAT
MM,ARINIŞ
MM,ASUAJU DE SUS
MM,BICAZ
MM,BISTRA
MM,BOCICOIU MARE
MM,BOGDAN VODĂ
MM,BOIU MARE
MM,BOTIZA
MM,BUDEŞTI
MM,BÂRSANA
MM,BĂIUŢ
MM,BĂIŢA DE SUB CODRU
MM,BĂSEŞTI
MM,CERNEŞTI
MM,CICÂRLĂU
MM,COAŞ
MM,COLTĂU
MM,COPALNIC-MĂNĂŞTUR
MM,COROIENI
MM,CUPŞENI
MM,CÂMPULUNG LA TISA
MM,CĂLINEŞTI
MM,DESEŞTI
MM,DUMBRĂVIŢA
MM,FĂRCAŞA
MM,GIULEŞTI
MM,GROŞI
MM,GROŞII ŢIBLEŞULUI
MM,GÂRDANI
MM,IEUD
MM,LEORDINA
MM,LĂPUŞ
MM,MIREŞU MARE
MM,MOISEI
MM,MUNICIPIUL BAIA MARE
MM,MUNICIPIUL SIGHETU MARMAŢIEI
MM,OARŢA DE JOS
MM,OCNA ŞUGATAG
MM,ONCEŞTI
MM,ORAŞ BAIA SPRIE
MM,ORAŞ BORŞA
MM,ORAŞ CAVNIC
MM,ORAŞ DRAGOMIREŞTI
MM,ORAŞ SEINI
MM,ORAŞ SĂLIŞTEA DE SUS
MM,ORAŞ TÂRGU LĂPUŞ
MM,ORAŞ TĂUŢII-MĂGHERĂUŞ
MM,ORAŞ ULMENI
MM,ORAŞ VIŞEU DE SUS
MM,ORAŞ ŞOMCUTA MARE
MM,PETROVA
MM,POIENILE DE SUB MUNTE
MM,POIENILE IZEI
MM,RECEA
MM,REMETEA CHIOARULUI
MM,REMEŢI
MM,REPEDEA
MM,RONA DE JOS
MM,RONA DE SUS
MM,ROZAVLEA
MM,RUSCOVA
MM,SARASĂU
MM,SATULUNG
MM,STRÂMTURA
MM,SUCIU DE SUS
MM,SĂCEL
MM,SĂCĂLĂŞENI
MM,SĂLSIG
MM,SĂPÂNŢA
MM,VADU IZEI
MM,VALEA CHIOARULUI
MM,VIMA MICĂ
MM,VIŞEU DE JOS
MM,ŞIEU
MM,ŞIŞEŞTI
MS,ACĂŢARI
MS,ADĂMUŞ
MS,ALBEŞTI
MS,ALUNIŞ
MS,APOLD
MS,AŢINTIŞ
MS,BAHNEA
MS,BAND
MS,BATOŞ
MS,BEICA DE JOS
MS,BERENI
MS,BICHIŞ
MS,BOGATA
MS,BREAZA
MS,BRÂNCOVENEŞTI
MS,BĂGACIU
MS,BĂLA
MS,BĂLĂUŞERI
MS,CEUAŞU DE CÂMPIE
MS,CHEŢANI
MS,CHIBED
MS,CHIHERU DE JOS
MS,COROISÂNMĂRTIN
MS,CORUNCA
MS,COZMA
MS,CRISTEŞTI
MS,CRĂCIUNEŞTI
MS,CRĂIEŞTI
MS,CUCERDEA
MS,CUCI
MS,DANEŞ
MS,DEDA
MS,EREMITU
MS,ERNEI
MS,FÂNTÂNELE
MS,FĂRĂGĂU
MS,GHEORGHE DOJA
MS,GHINDARI
MS,GLODENI
MS,GORNEŞTI
MS,GREBENIŞU DE CÂMPIE
MS,GURGHIU
MS,GĂLEŞTI
MS,GĂNEŞTI
MS,HODAC
MS,HODOŞA
MS,IBĂNEŞTI
MS,ICLĂNZEL
MS,IDECIU DE JOS
MS,LIVEZENI
MS,LUNCA
MS,LUNCA BRADULUI
MS,MICA
MS,MIHEŞU DE CÂMPIE
MS,MUNICIPIUL REGHIN
MS,MUNICIPIUL SIGHIŞOARA
MS,MUNICIPIUL TÂRGU MUREŞ
MS,MUNICIPIUL TÂRNĂVENI
MS,MĂDĂRAŞ
MS,MĂGHERANI
MS,NADEŞ
MS,NEAUA
MS,OGRA
MS,ORAŞ IERNUT
MS,ORAŞ LUDUŞ
MS,ORAŞ MIERCUREA NIRAJULUI
MS,ORAŞ SOVATA
MS,ORAŞ SÂNGEORGIU DE PĂDURE
MS,ORAŞ SĂRMAŞU
MS,ORAŞ UNGHENI
MS,PAPIU ILARIAN
MS,PETELEA
MS,POGĂCEAUA
MS,PĂNET
MS,PĂSĂRENI
MS,RUŞII-MUNŢI
MS,RÂCIU
MS,RĂSTOLIŢA
MS,SASCHIZ
MS,SOLOVĂSTRU
MS,STÂNCENI
MS,SUPLAC
MS,SUSENI
MS,SÂNCRAIU DE MUREŞ
MS,SÂNGEORGIU DE MUREŞ
MS,SÂNGER
MS,SÂNPAUL
MS,SÂNPETRU DE CÂMPIE
MS,SÂNTANA DE MUREŞ
MS,SĂRĂŢENI
MS,TĂURENI
MS,VALEA LARGĂ
MS,VEŢCA
MS,VIIŞOARA
MS,VOIVODENI
MS,VÂNĂTORI
MS,VĂRGATA
MS,VĂTAVA
MS,ZAGĂR
MS,ZAU DE CÂMPIE
MS,ŞINCAI
MS,ŞĂULIA
NT,AGAPIA
NT,ALEXANDRU CEL BUN
NT,BAHNA
NT,BICAZ-CHEI
NT,BICAZU ARDELEAN
NT,BIRA
NT,BODEŞTI
NT,BOGHICEA
NT,BORCA
NT,BORLEŞTI
NT,BOTEŞTI
NT,BOZIENI
NT,BRUSTURI
NT,BÂRGĂUANI
NT,BĂLŢĂTEŞTI
NT,CEAHLĂU
NT,CORDUN
NT,COSTIŞA
NT,CRĂCĂOANI
NT,CÂNDEŞTI
NT,DOBRENI
NT,DOCHIA
NT,DOLJEŞTI
NT,DRAGOMIREŞTI
NT,DRĂGĂNEŞTI
NT,DULCEŞTI
NT,DUMBRAVA ROŞIE
NT,DĂMUC
NT,FARCAŞA
NT,FĂUREI
NT,GHERĂEŞTI
NT,GHINDĂOANI
NT,GIROV
NT,GRINŢIEŞ
NT,GRUMĂZEŞTI
NT,GÂDINŢI
NT,GÂRCINA
NT,HANGU
NT,HORIA
NT,ICUŞEŞTI
NT,ION CREANGĂ
NT,MOLDOVENI
NT,MUNICIPIUL PIATRA-NEAMŢ
NT,MUNICIPIUL ROMAN
NT,MĂRGINENI
NT,NEGREŞTI
NT,ONICENI
NT,ORAŞ BICAZ
NT,ORAŞ ROZNOV
NT,ORAŞ TÂRGU-NEAMŢ
NT,PETRICANI
NT,PIATRA ŞOIMULUI
NT,PIPIRIG
NT,PODOLENI
NT,POIANA TEIULUI
NT,POIENARI
NT,PÂNCEŞTI
NT,PÂNGĂRAŢI
NT,PĂSTRĂVENI
NT,REDIU
NT,ROMÂNI
NT,RUGINOASA
NT,RĂUCEŞTI
NT,RĂZBOIENI
NT,SAGNA
NT,SECUIENI
NT,STĂNIŢA
NT,SĂBĂOANI
NT,SĂVINEŞTI
NT,TARCĂU
NT,TAZLĂU
NT,TAŞCA
NT,TIMIŞEŞTI
NT,TRIFEŞTI
NT,TUPILAŢI
NT,TĂMĂŞENI
NT,URECHENI
NT,VALEA URSULUI
NT,VÂNĂTORI-NEAMŢ
NT,VĂLENI
NT,ZĂNEŞTI
NT,ŞTEFAN CEL MARE
NT,ŢIBUCANI
OT,BALDOVINEŞTI
OT,BOBICEŞTI
OT,BRASTAVĂŢU
OT,BREBENI
OT,BRÂNCOVENI
OT,BUCINIŞU
OT,BÂRZA
OT,BĂBICIU
OT,BĂLTENI
OT,BĂRĂŞTI
OT,CEZIENI
OT,CILIENI
OT,COLONEŞTI
OT,CORBU
OT,COTEANA
OT,CRÂMPOIA
OT,CUNGREA
OT,CURTIŞOARA
OT,CÂRLOGANI
OT,CĂLUI
OT,DEVESELU
OT,DOBREŢU
OT,DOBROSLOVENI
OT,DOBROTEASA
OT,DOBRUN
OT,DRĂGHICENI
OT,DĂNEASA
OT,FĂGEŢELU
OT,FĂLCOIU
OT,FĂRCAŞELE
OT,GHIMPEŢENI
OT,GIUVĂRĂŞTI
OT,GOSTAVĂŢU
OT,GROJDIBODU
OT,GRĂDINARI
OT,GRĂDINILE
OT,GURA PADINII
OT,GÂRCOV
OT,GĂNEASA
OT,GĂVĂNEŞTI
OT,IANCA
OT,IANCU JIANU
OT,ICOANA
OT,IPOTEŞTI
OT,IZBICENI
OT,IZVOARELE
OT,LELEASCA
OT,MIHĂEŞTI
OT,MILCOV
OT,MORUNGLAV
OT,MOVILENI
OT,MUNICIPIUL CARACAL
OT,MUNICIPIUL SLATINA
OT,MĂRUNŢEI
OT,NICOLAE TITULESCU
OT,OBOGA
OT,OBÂRŞIA
OT,OPORELU
OT,OPTAŞI-MĂGURA
OT,ORAŞ BALŞ
OT,ORAŞ CORABIA
OT,ORAŞ DRĂGĂNEŞTI-OLT
OT,ORAŞ PIATRA-OLT
OT,ORAŞ POTCOAVA
OT,ORAŞ SCORNICEŞTI
OT,ORLEA
OT,OSICA DE JOS
OT,OSICA DE SUS
OT,PERIEŢI
OT,PLEŞOIU
OT,POBORU
OT,PRISEACA
OT,PÂRŞCOVENI
OT,RADOMIREŞTI
OT,REDEA
OT,ROTUNDA
OT,RUSĂNEŞTI
OT,SCHITU
OT,SCĂRIŞOARA
OT,SEACA
OT,SLĂTIOARA
OT,SPINENI
OT,SPRÂNCENATA
OT,STOENEŞTI
OT,STOICĂNEŞTI
OT,STREJEŞTI
OT,STUDINA
OT,SÂMBUREŞTI
OT,SÂRBII - MĂGURA
OT,TESLUI
OT,TIA MARE
OT,TOPANA
OT,TRAIAN
OT,TUFENI
OT,TĂTULEŞTI
OT,URZICA
OT,VALEA MARE
OT,VERGULEASA
OT,VITOMIREŞTI
OT,VIŞINA
OT,VIŞINA NOUĂ
OT,VLĂDILA
OT,VOINEASA
OT,VULPENI
OT,VULTUREŞTI
OT,VÂLCELE
OT,VĂDASTRA
OT,VĂDĂSTRIŢA
OT,VĂLENI
OT,ŞERBĂNEŞTI
OT,ŞOPÂRLIŢA
OT,ŞTEFAN CEL MARE
PH,ADUNAŢI
PH,ALBEŞTI-PALEOLOGU
PH,ALUNIŞ
PH,APOSTOLACHE
PH,ARICEŞTII RAHTIVANI
PH,ARICEŞTII ZELETIN
PH,BABA ANA
PH,BALTA DOAMNEI
PH,BERCENI
PH,BERTEA
PH,BLEJOI
PH,BOLDEŞTI-GRADIŞTEA
PH,BRAZI
PH,BREBU
PH,BUCOV
PH,BĂLŢEŞTI
PH,BĂNEŞTI
PH,BĂRCĂNEŞTI
PH,BĂTRÂNI
PH,CEPTURA
PH,CERAŞU
PH,CHIOJDEANCA
PH,CIORANI
PH,COCORĂŞTII COLŢ
PH,COCORĂŞTII MISLII
PH,COLCEAG
PH,CORNU
PH,COSMINELE
PH,CĂLUGĂRENI
PH,CĂRBUNEŞTI
PH,DRAJNA
PH,DRĂGĂNEŞTI
PH,DUMBRAVA
PH,DUMBRĂVEŞTI
PH,FILIPEŞTII DE PĂDURE
PH,FILIPEŞTII DE TÂRG
PH,FLOREŞTI
PH,FULGA
PH,FÂNTÂNELE
PH,GHERGHIŢA
PH,GORGOTA
PH,GORNET
PH,GORNET-CRICOV
PH,GURA VADULUI
PH,GURA VITIOAREI
PH,IORDĂCHEANU
PH,IZVOARELE
PH,JUGURENI
PH,LAPOŞ
PH,LIPĂNEŞTI
PH,MUNICIPIUL CÂMPINA
PH,MUNICIPIUL PLOIEŞTI
PH,MĂGURELE
PH,MĂGURENI
PH,MĂNECIU
PH,MĂNEŞTI
PH,OLARI
PH,ORAŞ AZUGA
PH,ORAŞ BOLDEŞTI-SCĂENI
PH,ORAŞ BREAZA
PH,ORAŞ BUŞTENI
PH,ORAŞ BĂICOI
PH,ORAŞ COMARNIC
PH,ORAŞ MIZIL
PH,ORAŞ PLOPENI
PH,ORAŞ SINAIA
PH,ORAŞ SLĂNIC
PH,ORAŞ URLAŢI
PH,ORAŞ VĂLENII DE MUNTE
PH,PLOPU
PH,PODENII NOI
PH,POIANA CÂMPINA
PH,POIENARII BURCHII
PH,POSEŞTI
PH,PREDEAL-SĂRARI
PH,PROVIŢA DE JOS
PH,PROVIŢA DE SUS
PH,PUCHENII MARI
PH,PĂCUREŢI
PH,PĂULEŞTI
PH,RÂFOV
PH,SALCIA
PH,SCORŢENI
PH,SECĂRIA
PH,STARCHIOJD
PH,SURANI
PH,SÂNGERU
PH,SĂLCIILE
PH,TALEA
PH,TEIŞANI
PH,TELEGA
PH,TINOSU
PH,TOMŞANI
PH,TÂRGŞORU VECHI
PH,TĂTARU
PH,VADU SĂPAT
PH,VALEA CĂLUGĂREASCĂ
PH,VALEA DOFTANEI
PH,VÂLCĂNEŞTI
PH,VĂRBILĂU
PH,ŞIRNA
PH,ŞOIMARI
PH,ŞOTRILE
PH,ŞTEFEŞTI
SB,ALMA
SB,ALŢINA
SB,APOLDU DE JOS
SB,ARPAŞU DE JOS
SB,AXENTE SEVER
SB,AŢEL
SB,BAZNA
SB,BIERTAN
SB,BLĂJEL
SB,BOIŢA
SB,BRATEIU
SB,BRUIU
SB,BRĂDENI
SB,BÂRGHIŞ
SB,CHIRPĂR
SB,CRISTIAN
SB,CÂRŢA
SB,CÂRŢIŞOARA
SB,DÂRLOS
SB,GURA RÂULUI
SB,HOGHILAG
SB,IACOBENI
SB,JINA
SB,LASLEA
SB,LOAMNEŞ
SB,LUDOŞ
SB,MARPOD
SB,MERGHINDEAL
SB,MICĂSASA
SB,MIHĂILENI
SB,MOŞNA
SB,MUNICIPIUL MEDIAŞ
SB,MUNICIPIUL SIBIU
SB,NOCRICH
SB,ORAŞ AGNITA
SB,ORAŞ AVRIG
SB,ORAŞ CISNĂDIE
SB,ORAŞ COPŞA MICĂ
SB,ORAŞ DUMBRĂVENI
SB,ORAŞ MIERCUREA SIBIULUI
SB,ORAŞ OCNA SIBIULUI
SB,ORAŞ SĂLIŞTE
SB,ORAŞ TĂLMACIU
SB,ORLAT
SB,POIANA SIBIULUI
SB,POPLACA
SB,PORUMBACU DE JOS
SB,PĂUCA
SB,RACOVIŢA
SB,ROŞIA
SB,RÂU SADULUI
SB,RĂŞINARI
SB,SADU
SB,SLIMNIC
SB,TILIŞCA
SB,TURNU ROŞU
SB,TÂRNAVA
SB,VALEA VIILOR
SB,VURPĂR
SB,ŞEICA MARE
SB,ŞEICA MICĂ
SB,ŞELIMBĂR
SB,ŞURA MARE
SB,ŞURA MICĂ
SJ,AGRIJ
SJ,ALMAŞU
SJ,BENESAT
SJ,BOBOTA
SJ,BOCŞA
SJ,BOGHIŞ
SJ,BUCIUMI
SJ,BĂBENI
SJ,BĂLAN
SJ,BĂNIŞOR
SJ,CAMĂR
SJ,CARASTELEC
SJ,CHIEŞD
SJ,CIZER
SJ,COŞEIU
SJ,CRASNA
SJ,CREACA
SJ,CRISTOLŢ
SJ,CRIŞENI
SJ,CUZĂPLAC
SJ,DOBRIN
SJ,DRAGU
SJ,FILDU DE JOS
SJ,GÂLGĂU
SJ,GÂRBOU
SJ,HALMĂŞD
SJ,HERECLEAN
SJ,HIDA
SJ,HOROATU CRASNEI
SJ,ILEANDA
SJ,IP
SJ,LETCA
SJ,LOZNA
SJ,MARCA
SJ,MESEŞENII DE JOS
SJ,MIRŞID
SJ,MUNICIPIUL ZALĂU
SJ,MĂERIŞTE
SJ,NUŞFALĂU
SJ,NĂPRADEA
SJ,ORAŞ CEHU SILVANIEI
SJ,ORAŞ JIBOU
SJ,ORAŞ ŞIMLEU SILVANIEI
SJ,PERICEI
SJ,PLOPIŞ
SJ,POIANA BLENCHII
SJ,ROMÂNAŞI
SJ,RUS
SJ,SOMEŞ-ODORHEI
SJ,SURDUC
SJ,SÂG
SJ,SÂNMIHAIU ALMAŞULUI
SJ,SĂLĂŢIG
SJ,TREZNEA
SJ,VALCĂU DE JOS
SJ,VÂRŞOLŢ
SJ,ZALHA
SJ,ZIMBOR
SJ,ŞAMŞUD
SJ,ŞIMIŞNA
SJ,ŞĂRMĂŞAG
SM,ACÂŞ
SM,AGRIŞ
SM,ANDRID
SM,APA
SM,BELTIUG
SM,BERVENI
SM,BIXAD
SM,BOGDAND
SM,BOTIZ
SM,BÂRSĂU
SM,BĂTARCI
SM,CEHAL
SM,CERTEZE
SM,CIUMEŞTI
SM,CRAIDOROLŢ
SM,CRUCIŞOR
SM,CULCIU
SM,CĂLINEŞTI-OAŞ
SM,CĂMIN
SM,CĂMĂRZANA
SM,CĂPLENI
SM,CĂUAŞ
SM,DOBA
SM,DOROLŢ
SM,FOIENI
SM,GHERŢA MICĂ
SM,HALMEU
SM,HODOD
SM,HOMOROADE
SM,LAZURI
SM,MEDIEŞU AURIT
SM,MICULA
SM,MOFTIN
SM,MUNICIPIUL CAREI
SM,MUNICIPIUL SATU MARE
SM,ODOREU
SM,ORAŞ ARDUD
SM,ORAŞ LIVADA
SM,ORAŞ NEGREŞTI-OAŞ
SM,ORAŞ TĂŞNAD
SM,ORAŞU NOU
SM,PETREŞTI
SM,PIR
SM,PIŞCOLT
SM,POMI
SM,PORUMBEŞTI
SM,PĂULEŞTI
SM,RACŞA
SM,SANISLĂU
SM,SANTĂU
SM,SOCOND
SM,SUPUR
SM,SĂCĂŞENI
SM,SĂUCA
SM,TARNA MARE
SM,TEREBEŞTI
SM,TIREAM
SM,TURULUNG
SM,TURŢ
SM,TÂRŞOLŢ
SM,URZICENI
SM,VALEA VINULUI
SM,VAMA
SM,VETIŞ
SM,VIILE SATU MARE
SV,ADÂNCATA
SV,ARBORE
SV,BAIA
SV,BERCHIŞEŞTI
SV,BILCA
SV,BOGDĂNEŞTI
SV,BOROAIA
SV,BOSANCI
SV,BOTOŞANA
SV,BREAZA
SV,BRODINA
SV,BUNEŞTI
SV,BURLA
SV,BĂLCĂUŢI
SV,BĂLĂCEANA
SV,CACICA
SV,CALAFINDEŞTI
SV,CAPU CÂMPULUI
SV,CIOCĂNEŞTI
SV,CIPRIAN PORUMBESCU
SV,COMĂNEŞTI
SV,CORNU LUNCII
SV,COŞNA
SV,CRUCEA
SV,CÂRLIBABA
SV,DOLHEŞTI
SV,DORNA CANDRENILOR
SV,DORNA-ARINI
SV,DORNEŞTI
SV,DRĂGOIEŞTI
SV,DRĂGUŞENI
SV,DUMBRĂVENI
SV,DĂRMĂNEŞTI
SV,FORĂŞTI
SV,FRUMOSU
SV,FRĂTĂUŢII NOI
SV,FRĂTĂUŢII VECHI
SV,FUNDU MOLDOVEI
SV,FÂNTÂNA MARE
SV,FÂNTÂNELE
SV,GRĂMEŞTI
SV,GRĂNICEŞTI
SV,GĂLĂNEŞTI
SV,HORODNIC DE JOS
SV,HORODNIC DE SUS
SV,HORODNICENI
SV,HÂRTOP
SV,HĂNŢEŞTI
SV,IACOBENI
SV,IASLOVĂŢ
SV,ILIŞEŞTI
SV,IPOTEŞTI
SV,IZVOARELE SUCEVEI
SV,MARGINEA
SV,MITOCU DRAGOMIRNEI
SV,MOARA
SV,MOLDOVA-SULIŢA
SV,MOLDOVIŢA
SV,MUNICIPIUL CÂMPULUNG MOLDOVENESC
SV,MUNICIPIUL FĂLTICENI
SV,MUNICIPIUL RĂDĂUŢI
SV,MUNICIPIUL SUCEAVA
SV,MUNICIPIUL VATRA DORNEI
SV,MUŞENIŢA
SV,MĂLINI
SV,MĂNĂSTIREA HUMORULUI
SV,ORAŞ BROŞTENI
SV,ORAŞ CAJVANA
SV,ORAŞ DOLHASCA
SV,ORAŞ FRASIN
SV,ORAŞ GURA HUMORULUI
SV,ORAŞ LITENI
SV,ORAŞ MILIŞĂUŢI
SV,ORAŞ SALCEA
SV,ORAŞ SIRET
SV,ORAŞ SOLCA
SV,ORAŞ VICOVU DE SUS
SV,OSTRA
SV,PANACI
SV,POIANA STAMPEI
SV,POIENI-SOLCA
SV,POJORÂTA
SV,PREUTEŞTI
SV,PUTNA
SV,PÂRTEŞTII DE JOS
SV,PĂLTINOASA
SV,PĂTRĂUŢI
SV,RÂŞCA
SV,RĂDĂŞENI
SV,SADOVA
SV,SATU MARE
SV,SIMINICEA
SV,SLATINA
SV,STRAJA
SV,STROIEŞTI
SV,STULPICANI
SV,SUCEVIŢA
SV,TODIREŞTI
SV,UDEŞTI
SV,ULMA
SV,VADU MOLDOVEI
SV,VALEA MOLDOVEI
SV,VAMA
SV,VATRA MOLDOVIŢEI
SV,VEREŞTI
SV,VICOVU DE JOS
SV,VOITINEL
SV,VOLOVĂŢ
SV,VULTUREŞTI
SV,ZAMOSTEA
SV,ZVORIŞTEA
SV,ŞARU DORNEI
SV,ŞCHEIA
SV,ŞERBĂUŢI
TL,BAIA
TL,BEIDAUD
TL,BEŞTEPE
TL,C.A. ROSETTI
TL,CARCALIU
TL,CASIMCEA
TL,CEAMURLIA DE JOS
TL,CEATALCHIOI
TL,CERNA
TL,CHILIA VECHE
TL,CIUCUROVA
TL,CRIŞAN
TL,DOROBANŢU
TL,DĂENI
TL,FRECĂŢEI
TL,GRECI
TL,GRINDU
TL,HAMCEARCA
TL,HORIA
TL,I.C.BRĂTIANU
TL,IZVOARELE
TL,JIJILA
TL,JURILOVCA
TL,LUNCAVIŢA
TL,MAHMUDIA
TL,MALIUC
TL,MIHAI BRAVU
TL,MIHAIL KOGĂLNICEANU
TL,MUNICIPIUL TULCEA
TL,MURIGHIOL
TL,NALBANT
TL,NICULIŢEL
TL,NUFĂRU
TL,ORAŞ BABADAG
TL,ORAŞ ISACCEA
TL,ORAŞ MĂCIN
TL,ORAŞ SULINA
TL,OSTROV
TL,PARDINA
TL,PECENEAGA
TL,SARICHIOI
TL,SFÂNTU GHEORGHE
TL,SLAVA CERCHEZĂ
TL,SMÂRDAN
TL,SOMOVA
TL,STEJARU
TL,TOPOLOG
TL,TURCOAIA
TL,VALEA NUCARILOR
TL,VALEA TEILOR
TL,VĂCĂRENI
TM,BALINŢ
TM,BANLOC
TM,BARA
TM,BEBA VECHE
TM,BECICHERECU MIC
TM,BELINŢ
TM,BETHAUSEN
TM,BILED
TM,BIRDA
TM,BOGDA
TM,BOLDUR
TM,BRESTOVĂŢ
TM,BUCOVĂŢ
TM,BÂRNA
TM,CENAD
TM,CENEI
TM,CHECEA
TM,CHEVEREŞU MARE
TM,COMLOŞU MARE
TM,COŞTEIU
TM,CRICIOVA
TM,CURTEA
TM,CĂRPINIŞ
TM,DAROVA
TM,DENTA
TM,DUDEŞTII NOI
TM,DUDEŞTII VECHI
TM,DUMBRAVA
TM,DUMBRĂVIŢA
TM,FIBIŞ
TM,FOENI
TM,FÂRDEA
TM,GAVOJDIA
TM,GHILAD
TM,GHIRODA
TM,GHIZELA
TM,GIARMATA
TM,GIERA
TM,GIROC
TM,GIULVĂZ
TM,GOTTLOB
TM,IECEA MARE
TM,JAMU MARE
TM,JEBEL
TM,LENAUHEIM
TM,LIEBLING
TM,LIVEZILE
TM,LOVRIN
TM,MARGINA
TM,MAŞLOC
TM,MORAVIŢA
TM,MOŞNIŢA NOUĂ
TM,MUNICIPIUL LUGOJ
TM,MUNICIPIUL TIMIŞOARA
TM,MĂNĂŞTIUR
TM,NIŢCHIDORF
TM,NĂDRAG
TM,OHABA LUNGĂ
TM,ORAŞ BUZIAŞ
TM,ORAŞ CIACOVA
TM,ORAŞ DETA
TM,ORAŞ FĂGET
TM,ORAŞ GĂTAIA
TM,ORAŞ JIMBOLIA
TM,ORAŞ RECAŞ
TM,ORAŞ SÂNNICOLAU MARE
TM,ORŢIŞOARA
TM,OTELEC
TM,PARŢA
TM,PECIU NOU
TM,PERIAM
TM,PESAC
TM,PIETROASA
TM,PIŞCHIA
TM,PĂDURENI
TM,RACOVIŢA
TM,REMETEA MARE
TM,SACOŞU TURCESC
TM,SARAVALE
TM,SATCHINEZ
TM,SECAŞ
TM,SÂNANDREI
TM,SÂNMIHAIU ROMÂN
TM,SÂNPETRU MARE
TM,SĂCĂLAZ
TM,TEREMIA MARE
TM,TOMEŞTI
TM,TOMNATIC
TM,TOPOLOVĂŢU MARE
TM,TORMAC
TM,TRAIAN VUIA
TM,UIVAR
TM,VARIAŞ
TM,VICTOR VLAD DELAMARINA
TM,VOITEG
TM,VĂLCANI
TM,ŞAG
TM,ŞANDRA
TM,ŞTIUCA
TR,BALACI
TR,BECIU
TR,BEUCA
TR,BLEJEŞTI
TR,BOGDANA
TR,BOTOROAGA
TR,BRAGADIRU
TR,BRÂNCENI
TR,BUJORENI
TR,BUJORU
TR,BUZESCU
TR,BĂBĂIŢA
TR,CERVENIA
TR,CIOLĂNEŞTI
TR,CIUPERCENI
TR,CONŢEŞTI
TR,COSMEŞTI
TR,CREVENICU
TR,CRÂNGENI
TR,CRÂNGU
TR,CĂLINEŞTI
TR,CĂLMĂŢUIU
TR,CĂLMĂŢUIU DE SUS
TR,DIDEŞTI
TR,DOBROTEŞTI
TR,DRACEA
TR,DRĂCŞENEI
TR,DRĂGĂNEŞTI DE VEDE
TR,DRĂGĂNEŞTI-VLAŞCA
TR,FRUMOASA
TR,FRĂSINET
TR,FURCULEŞTI
TR,FÂNTÂNELE
TR,GRATIA
TR,GĂLĂTENI
TR,ISLAZ
TR,IZVOARELE
TR,LISA
TR,LIŢA
TR,LUNCA
TR,MAVRODIN
TR,MERENI
TR,MOŞTENI
TR,MUNICIPIUL ALEXANDRIA
TR,MUNICIPIUL ROŞIORI DE VEDE
TR,MUNICIPIUL TURNU MĂGURELE
TR,MÂRZĂNEŞTI
TR,MĂGURA
TR,MĂLDĂENI
TR,NANOV
TR,NECŞEŞTI
TR,NENCIULEŞTI
TR,NĂSTURELU
TR,OLTENI
TR,ORAŞ VIDELE
TR,ORAŞ ZIMNICEA
TR,ORBEASCA
TR,PERETU
TR,PIATRA
TR,PIETROŞANI
TR,PLOPII-SLĂVITEŞTI
TR,PLOSCA
TR,POENI
TR,POROSCHIA
TR,PURANI
TR,PUTINEIU
TR,RĂDOIEŞTI
TR,RĂSMIREŞTI
TR,SAELELE
TR,SALCIA
TR,SCRIOAŞTEA
TR,SCURTU MARE
TR,SEACA
TR,SEGARCEA-VALE
TR,SFINŢEŞTI
TR,SILIŞTEA
TR,SILIŞTEA-GUMEŞTI
TR,SLOBOZIA MÂNDRA
TR,SMÂRDIOASA
TR,STEJARU
TR,SUHAIA
TR,SÂRBENI
TR,SĂCENI
TR,TALPA
TR,TRAIAN
TR,TRIVALEA-MOŞTENI
TR,TROIANUL
TR,TĂTĂRĂŞTII DE JOS
TR,TĂTĂRĂŞTII DE SUS
TR,UDA-CLOCOCIOV
TR,VEDEA
TR,VIIŞOARA
TR,VITĂNEŞTI
TR,VÂRTOAPE
TR,ZÂMBREASCA
TR,ŞTOROBĂNEASA
TR,ŢIGĂNEŞTI
VL,ALUNU
VL,AMĂRĂŞTI
VL,BERISLĂVEŞTI
VL,BOIŞOARA
VL,BUDEŞTI
VL,BUJORENI
VL,BUNEŞTI
VL,BĂRBĂTEŞTI
VL,CERNIŞOARA
VL,COPĂCENI
VL,COSTEŞTI
VL,CREŢENI
VL,CÂINENI
VL,DICULEŞTI
VL,DRĂGOEŞTI
VL,DĂEŞTI
VL,DĂNICEI
VL,FRÂNCEŞTI
VL,FÂRTĂŢEŞTI
VL,FĂUREŞTI
VL,GALICEA
VL,GHIOROIU
VL,GLĂVILE
VL,GOLEŞTI
VL,GRĂDIŞTEA
VL,GUŞOENI
VL,IONEŞTI
VL,LALOŞU
VL,LIVEZI
VL,LUNGEŞTI
VL,LĂCUSTENI
VL,LĂDEŞTI
VL,LĂPUŞATA
VL,MALAIA
VL,MATEEŞTI
VL,MIHĂEŞTI
VL,MILCOIU
VL,MITROFANI
VL,MUEREASCA
VL,MUNICIPIUL DRĂGĂŞANI
VL,MUNICIPIUL RÂMNICU VÂLCEA
VL,MĂCIUCA
VL,MĂDULARI
VL,MĂLDĂREŞTI
VL,NICOLAE BĂLCESCU
VL,OLANU
VL,ORAŞ BERBEŞTI
VL,ORAŞ BREZOI
VL,ORAŞ BĂBENI
VL,ORAŞ BĂILE GOVORA
VL,ORAŞ BĂILE OLĂNEŞTI
VL,ORAŞ BĂLCEŞTI
VL,ORAŞ CĂLIMĂNEŞTI
VL,ORAŞ HOREZU
VL,ORAŞ OCNELE MARI
VL,ORLEŞTI
VL,OTEŞANI
VL,PERIŞANI
VL,PESCEANA
VL,PIETRARI
VL,POPEŞTI
VL,PRUNDENI
VL,PĂUŞEŞTI
VL,PĂUŞEŞTI-MĂGLAŞI
VL,RACOVIŢA
VL,ROEŞTI
VL,ROŞIILE
VL,RUNCU
VL,SCUNDU
VL,SINEŞTI
VL,SLĂTIOARA
VL,STOENEŞTI
VL,STOILEŞTI
VL,STROEŞTI
VL,STĂNEŞTI
VL,SUTEŞTI
VL,SĂLĂTRUCEL
VL,TETOIU
VL,TITEŞTI
VL,TOMŞANI
VL,VAIDEENI
VL,VALEA MARE
VL,VLĂDEŞTI
VL,VOICEŞTI
VL,VOINEASA
VL,ZĂTRENI
VL,ŞIRINEASA
VL,ŞTEFĂNEŞTI
VL,ŞUŞANI
VN,ANDREIAŞU DE JOS
VN,BILIEŞTI
VN,BOGHEŞTI
VN,BOLOTEŞTI
VN,BORDEŞTI
VN,BROŞTENI
VN,BÂRSEŞTI
VN,BĂLEŞTI
VN,CHIOJDENI
VN,CIORĂŞTI
VN,CORBIŢA
VN,COTEŞTI
VN,CÂMPINEANCA
VN,CÂMPURI
VN,CÂRLIGELE
VN,DUMBRĂVENI
VN,DUMITREŞTI
VN,FITIONEŞTI
VN,GAROAFA
VN,GOLEŞTI
VN,GOLOGANU
VN,GUGEŞTI
VN,GURA CALIŢEI
VN,HOMOCEA
VN,JARIŞTEA
VN,JITIA
VN,MERA
VN,MILCOVUL
VN,MOVILIŢA
VN,MUNICIPIUL ADJUD
VN,MUNICIPIUL FOCŞANI
VN,MĂICĂNEŞTI
VN,NEGRILEŞTI
VN,NEREJU
VN,NISTOREŞTI
VN,NĂNEŞTI
VN,NĂRUJA
VN,OBREJIŢA
VN,ORAŞ MĂRĂŞEŞTI
VN,ORAŞ ODOBEŞTI
VN,ORAŞ PANCIU
VN,PALTIN
VN,PLOSCUŢENI
VN,POIANA CRISTEI
VN,POPEŞTI
VN,PUFEŞTI
VN,PĂULEŞTI
VN,PĂUNEŞTI
VN,REGHIU
VN,RUGINEŞTI
VN,RĂCOASA
VN,RĂSTOACA
VN,SIHLEA
VN,SLOBOZIA BRADULUI
VN,SLOBOZIA CIORĂŞTI
VN,SOVEJA
VN,SPULBER
VN,STRĂOANE
VN,SURAIA
VN,TULNICI
VN,TÂMBOEŞTI
VN,TĂNĂSOAIA
VN,TĂTĂRANU
VN,URECHEŞTI
VN,VALEA SĂRII
VN,VIDRA
VN,VINTILEASCA
VN,VIZANTEA-LIVEZI
VN,VRÂNCIOAIA
VN,VULTURU
VN,VÂNĂTORI
VN,VÂRTEŞCOIU
VN,ŢIFEŞTI
VS,ALBEŞTI
VS,ALEXANDRU VLAHUŢĂ
VS,ARSURA
VS,BANCA
VS,BEREZENI
VS,BLĂGEŞTI
VS,BOGDANA
VS,BOGDĂNEŞTI
VS,BOGDĂNIŢA
VS,BOŢEŞTI
VS,BUNEŞTI-AVEREŞTI
VS,BĂCANI
VS,BĂCEŞTI
VS,BĂLTENI
VS,CIOCANI
VS,CODĂEŞTI
VS,COROIEŞTI
VS,COSTEŞTI
VS,COZMEŞTI
VS,CREŢEŞTI
VS,DELENI
VS,DELEŞTI
VS,DIMITRIE CANTEMIR
VS,DODEŞTI
VS,DRAGOMIREŞTI
VS,DRÂNCENI
VS,DUDA-EPURENI
VS,DUMEŞTI
VS,DĂNEŞTI
VS,EPURENI
VS,FEREŞTI
VS,FRUNTIŞENI
VS,FĂLCIU
VS,GHERGHEŞTI
VS,GRIVIŢA
VS,GÂRCENI
VS,GĂGEŞTI
VS,HOCENI
VS,IANA
VS,IBĂNEŞTI
VS,IVEŞTI
VS,IVĂNEŞTI
VS,LAZA
VS,LIPOVĂŢ
VS,LUNCA BANULUI
VS,MICLEŞTI
VS,MUNICIPIUL BÂRLAD
VS,MUNICIPIUL HUŞI
VS,MUNICIPIUL VASLUI
VS,MUNTENII DE JOS
VS,MUNTENII DE SUS
VS,MĂLUŞTENI
VS,OLTENEŞTI
VS,ORAŞ MURGENI
VS,ORAŞ NEGREŞTI
VS,OŞEŞTI
VS,PERIENI
VS,POCHIDIA
VS,POGANA
VS,POGONEŞTI
VS,POIENEŞTI
VS,PUIEŞTI
VS,PUNGEŞTI
VS,PUŞCAŞI
VS,PĂDURENI
VS,RAFAILA
VS,REBRICEA
VS,ROŞIEŞTI
VS,SOLEŞTI
VS,STĂNILEŞTI
VS,TANACU
VS,TODIREŞTI
VS,TUTOVA
VS,TĂCUTA
VS,TĂTĂRĂNI
VS,VETRIŞOAIA
VS,VIIŞOARA
VS,VINDEREI
VS,VOINEŞTI
VS,VULTUREŞTI
VS,VUTCANI
VS,VĂLENI
VS,ZORLENI
VS,ZĂPODENI
VS,ŞTEFAN CEL MARE
VS,ŞULETEA
